31040,https://www.lego.com/biassets/biimg/6145903.png,https://www.lego.com/biassets/bi/6145903.pdf,Desert Racers
31040,https://www.lego.com/biassets/biimg/6145904.png,https://www.lego.com/biassets/bi/6145904.pdf,Desert Racers
31040,https://www.lego.com/biassets/biimg/6145903.png,https://www.lego.com/biassets/bi/6145903.pdf,Desert Racers
31040,https://www.lego.com/biassets/biimg/6145904.png,https://www.lego.com/biassets/bi/6145904.pdf,Desert Racers
31045,https://www.lego.com/biassets/biimg/6146028.png,https://www.lego.com/biassets/bi/6146028.pdf,Ocean Explorer
31045,https://www.lego.com/biassets/biimg/6146025.png,https://www.lego.com/biassets/bi/6146025.pdf,Ocean Explorer
31045,https://www.lego.com/biassets/biimg/6146023.png,https://www.lego.com/biassets/bi/6146023.pdf,Ocean Explorer
31045,https://www.lego.com/biassets/biimg/6146026.png,https://www.lego.com/biassets/bi/6146026.pdf,Ocean Explorer
31045,https://www.lego.com/biassets/biimg/6146024.png,https://www.lego.com/biassets/bi/6146024.pdf,Ocean Explorer
31045,https://www.lego.com/biassets/biimg/6146022.png,https://www.lego.com/biassets/bi/6146022.pdf,Ocean Explorer
31045,https://www.lego.com/biassets/biimg/6146028.png,https://www.lego.com/biassets/bi/6146028.pdf,Ocean Explorer
31045,https://www.lego.com/biassets/biimg/6146025.png,https://www.lego.com/biassets/bi/6146025.pdf,Ocean Explorer
31045,https://www.lego.com/biassets/biimg/6146023.png,https://www.lego.com/biassets/bi/6146023.pdf,Ocean Explorer
31045,https://www.lego.com/biassets/biimg/6146026.png,https://www.lego.com/biassets/bi/6146026.pdf,Ocean Explorer
31045,https://www.lego.com/biassets/biimg/6146024.png,https://www.lego.com/biassets/bi/6146024.pdf,Ocean Explorer
31045,https://www.lego.com/biassets/biimg/6146022.png,https://www.lego.com/biassets/bi/6146022.pdf,Ocean Explorer
31071,https://www.lego.com/biassets/biimg/6219232.png,https://www.lego.com/biassets/bi/6219232.pdf,Drone Explorer
31071,https://www.lego.com/biassets/biimg/6219233.png,https://www.lego.com/biassets/bi/6219233.pdf,Drone Explorer
31071,https://www.lego.com/biassets/biimg/6219234.png,https://www.lego.com/biassets/bi/6219234.pdf,Drone Explorer
31071,https://www.lego.com/biassets/biimg/6219235.png,https://www.lego.com/biassets/bi/6219235.pdf,Drone Explorer
31071,https://www.lego.com/biassets/biimg/6219236.png,https://www.lego.com/biassets/bi/6219236.pdf,Drone Explorer
31071,https://www.lego.com/biassets/biimg/6219237.png,https://www.lego.com/biassets/bi/6219237.pdf,Drone Explorer
31071,https://www.lego.com/biassets/biimg/6219232.png,https://www.lego.com/biassets/bi/6219232.pdf,Drone Explorer
31071,https://www.lego.com/biassets/biimg/6219233.png,https://www.lego.com/biassets/bi/6219233.pdf,Drone Explorer
31071,https://www.lego.com/biassets/biimg/6219234.png,https://www.lego.com/biassets/bi/6219234.pdf,Drone Explorer
31071,https://www.lego.com/biassets/biimg/6219235.png,https://www.lego.com/biassets/bi/6219235.pdf,Drone Explorer
31071,https://www.lego.com/biassets/biimg/6219236.png,https://www.lego.com/biassets/bi/6219236.pdf,Drone Explorer
31071,https://www.lego.com/biassets/biimg/6219237.png,https://www.lego.com/biassets/bi/6219237.pdf,Drone Explorer
60042,https://www.lego.com/biassets/biimg/6070338.png,https://www.lego.com/biassets/bi/6070338.pdf,High Speed Police Chase
60042,https://www.lego.com/biassets/biimg/6070337.png,https://www.lego.com/biassets/bi/6070337.pdf,CITY Police Value Pack
60042,https://www.lego.com/biassets/biimg/6070338.png,https://www.lego.com/biassets/bi/6070338.pdf,High Speed Police Chase
60042,https://www.lego.com/biassets/biimg/6070337.png,https://www.lego.com/biassets/bi/6070337.pdf,CITY Police Value Pack
60065,https://www.lego.com/biassets/biimg/6109341.png,https://www.lego.com/biassets/bi/6109341.pdf,ATV Patrol
60065,https://www.lego.com/biassets/biimg/6109339.png,https://www.lego.com/biassets/bi/6109339.pdf,ATV Patrol
60065,https://www.lego.com/biassets/biimg/6109341.png,https://www.lego.com/biassets/bi/6109341.pdf,ATV Patrol
60065,https://www.lego.com/biassets/biimg/6109339.png,https://www.lego.com/biassets/bi/6109339.pdf,ATV Patrol
60072,https://www.lego.com/biassets/biimg/6157976.png,https://www.lego.com/biassets/bi/6157976.pdf,Demolition Starter Set
60072,https://www.lego.com/biassets/biimg/6157977.png,https://www.lego.com/biassets/bi/6157977.pdf,Demolition Starter Set
60072,https://www.lego.com/biassets/biimg/6157976.png,https://www.lego.com/biassets/bi/6157976.pdf,Demolition Starter Set
60072,https://www.lego.com/biassets/biimg/6157977.png,https://www.lego.com/biassets/bi/6157977.pdf,Demolition Starter Set
60084,https://www.lego.com/biassets/biimg/6157987.png,https://www.lego.com/biassets/bi/6157987.pdf,Racing Bike Transporter
60084,https://www.lego.com/biassets/biimg/6157988.png,https://www.lego.com/biassets/bi/6157988.pdf,Racing Bike Transporter
60084,https://www.lego.com/biassets/biimg/6157989.png,https://www.lego.com/biassets/bi/6157989.pdf,Racing Bike Transporter
60084,https://www.lego.com/biassets/biimg/6157990.png,https://www.lego.com/biassets/bi/6157990.pdf,Racing Bike Transporter
60084,https://www.lego.com/biassets/biimg/6157987.png,https://www.lego.com/biassets/bi/6157987.pdf,Racing Bike Transporter
60084,https://www.lego.com/biassets/biimg/6157988.png,https://www.lego.com/biassets/bi/6157988.pdf,Racing Bike Transporter
60084,https://www.lego.com/biassets/biimg/6157989.png,https://www.lego.com/biassets/bi/6157989.pdf,Racing Bike Transporter
60084,https://www.lego.com/biassets/biimg/6157990.png,https://www.lego.com/biassets/bi/6157990.pdf,Racing Bike Transporter
60100,https://www.lego.com/biassets/biimg/6162751.png,https://www.lego.com/biassets/bi/6162751.pdf,Airport Starter Set
60100,https://www.lego.com/biassets/biimg/6162752.png,https://www.lego.com/biassets/bi/6162752.pdf,Airport Starter Set
60100,https://www.lego.com/biassets/biimg/6162751.png,https://www.lego.com/biassets/bi/6162751.pdf,Airport Starter Set
60100,https://www.lego.com/biassets/biimg/6162752.png,https://www.lego.com/biassets/bi/6162752.pdf,Airport Starter Set
60106,https://www.lego.com/biassets/biimg/6201466.png,https://www.lego.com/biassets/bi/6201466.pdf,CITY Fire Value Pack
60106,https://www.lego.com/biassets/biimg/6201467.png,https://www.lego.com/biassets/bi/6201467.pdf,Fire Starter Set
60106,https://www.lego.com/biassets/biimg/6201466.png,https://www.lego.com/biassets/bi/6201466.pdf,CITY Fire Value Pack
60106,https://www.lego.com/biassets/biimg/6201467.png,https://www.lego.com/biassets/bi/6201467.pdf,Fire Starter Set
60127,https://www.lego.com/biassets/biimg/6146004.png,https://www.lego.com/biassets/bi/6146004.pdf,Prison Island Starter Set
60127,https://www.lego.com/biassets/biimg/6146003.png,https://www.lego.com/biassets/bi/6146003.pdf,Prison Island Starter Set
60127,https://www.lego.com/biassets/biimg/6146004.png,https://www.lego.com/biassets/bi/6146004.pdf,Prison Island Starter Set
60127,https://www.lego.com/biassets/biimg/6146003.png,https://www.lego.com/biassets/bi/6146003.pdf,Prison Island Starter Set
60137,https://www.lego.com/biassets/biimg/6186531.png,https://www.lego.com/biassets/bi/6186531.pdf,Tow Truck Trouble
60137,https://www.lego.com/biassets/biimg/6186527.png,https://www.lego.com/biassets/bi/6186527.pdf,CITY Police Value Pack
60137,https://www.lego.com/biassets/biimg/6186531.png,https://www.lego.com/biassets/bi/6186531.pdf,Tow Truck Trouble
60137,https://www.lego.com/biassets/biimg/6186527.png,https://www.lego.com/biassets/bi/6186527.pdf,CITY Police Value Pack
60150,https://www.lego.com/biassets/biimg/6186254.png,https://www.lego.com/biassets/bi/6186254.pdf,Pizza Van
60150,https://www.lego.com/biassets/biimg/6186259.png,https://www.lego.com/biassets/bi/6186259.pdf,Pizza Van
60150,https://www.lego.com/biassets/biimg/6186255.png,https://www.lego.com/biassets/bi/6186255.pdf,Pizza Van
60150,https://www.lego.com/biassets/biimg/6186262.png,https://www.lego.com/biassets/bi/6186262.pdf,Pizza Van
60150,https://www.lego.com/biassets/biimg/6186254.png,https://www.lego.com/biassets/bi/6186254.pdf,Pizza Van
60150,https://www.lego.com/biassets/biimg/6186259.png,https://www.lego.com/biassets/bi/6186259.pdf,Pizza Van
60150,https://www.lego.com/biassets/biimg/6186255.png,https://www.lego.com/biassets/bi/6186255.pdf,Pizza Van
60150,https://www.lego.com/biassets/biimg/6186262.png,https://www.lego.com/biassets/bi/6186262.pdf,Pizza Van
60152,https://www.lego.com/biassets/biimg/6186267.png,https://www.lego.com/biassets/bi/6186267.pdf,Sweeper & Excavator
60152,https://www.lego.com/biassets/biimg/6186274.png,https://www.lego.com/biassets/bi/6186274.pdf,Sweeper & Excavator
60152,https://www.lego.com/biassets/biimg/6186278.png,https://www.lego.com/biassets/bi/6186278.pdf,Sweeper & Excavator
60152,https://www.lego.com/biassets/biimg/6186264.png,https://www.lego.com/biassets/bi/6186264.pdf,Sweeper & Excavator
60152,https://www.lego.com/biassets/biimg/6186270.png,https://www.lego.com/biassets/bi/6186270.pdf,Sweeper & Excavator
60152,https://www.lego.com/biassets/biimg/6186276.png,https://www.lego.com/biassets/bi/6186276.pdf,Sweeper & Excavator
60152,https://www.lego.com/biassets/biimg/6186267.png,https://www.lego.com/biassets/bi/6186267.pdf,Sweeper & Excavator
60152,https://www.lego.com/biassets/biimg/6186274.png,https://www.lego.com/biassets/bi/6186274.pdf,Sweeper & Excavator
60152,https://www.lego.com/biassets/biimg/6186278.png,https://www.lego.com/biassets/bi/6186278.pdf,Sweeper & Excavator
60152,https://www.lego.com/biassets/biimg/6186264.png,https://www.lego.com/biassets/bi/6186264.pdf,Sweeper & Excavator
60152,https://www.lego.com/biassets/biimg/6186270.png,https://www.lego.com/biassets/bi/6186270.pdf,Sweeper & Excavator
60152,https://www.lego.com/biassets/biimg/6186276.png,https://www.lego.com/biassets/bi/6186276.pdf,Sweeper & Excavator
60156,https://www.lego.com/biassets/biimg/6205356.png,https://www.lego.com/biassets/bi/6205356.pdf,Jungle Buggy
60156,https://www.lego.com/biassets/biimg/6205357.png,https://www.lego.com/biassets/bi/6205357.pdf,Jungle Buggy
60156,https://www.lego.com/biassets/biimg/6205356.png,https://www.lego.com/biassets/bi/6205356.pdf,Jungle Buggy
60156,https://www.lego.com/biassets/biimg/6205357.png,https://www.lego.com/biassets/bi/6205357.pdf,Jungle Buggy
60157,https://www.lego.com/biassets/biimg/6201531.png,https://www.lego.com/biassets/bi/6201531.pdf,Jungle Starter Set
60157,https://www.lego.com/biassets/biimg/6201532.png,https://www.lego.com/biassets/bi/6201532.pdf,Jungle Starter Set
60157,https://www.lego.com/biassets/biimg/6201531.png,https://www.lego.com/biassets/bi/6201531.pdf,Jungle Starter Set
60157,https://www.lego.com/biassets/biimg/6201532.png,https://www.lego.com/biassets/bi/6201532.pdf,Jungle Starter Set
60171,https://www.lego.com/biassets/biimg/6222262.png,https://www.lego.com/biassets/bi/6222262.pdf,Mountain Fugitives
60171,https://www.lego.com/biassets/biimg/6222264.png,https://www.lego.com/biassets/bi/6222264.pdf,Mountain Fugitives
60171,https://www.lego.com/biassets/biimg/6222262.png,https://www.lego.com/biassets/bi/6222262.pdf,Mountain Fugitives
60171,https://www.lego.com/biassets/biimg/6222264.png,https://www.lego.com/biassets/bi/6222264.pdf,Mountain Fugitives
60184,https://www.lego.com/biassets/biimg/6224812.png,https://www.lego.com/biassets/bi/6224812.pdf,Mining Team
60184,https://www.lego.com/biassets/biimg/6224813.png,https://www.lego.com/biassets/bi/6224813.pdf,Mining Team
60184,https://www.lego.com/biassets/biimg/6224812.png,https://www.lego.com/biassets/bi/6224812.pdf,Mining Team
60184,https://www.lego.com/biassets/biimg/6224813.png,https://www.lego.com/biassets/bi/6224813.pdf,Mining Team
60182,https://www.lego.com/biassets/biimg/6222328.png,https://www.lego.com/biassets/bi/6222328.pdf,Pickup & Caravan
60182,https://www.lego.com/biassets/biimg/6222332.png,https://www.lego.com/biassets/bi/6222332.pdf,Pickup & Caravan
60182,https://www.lego.com/biassets/biimg/6222326.png,https://www.lego.com/biassets/bi/6222326.pdf,Pickup & Caravan
60182,https://www.lego.com/biassets/biimg/6222331.png,https://www.lego.com/biassets/bi/6222331.pdf,Pickup & Caravan
60182,https://www.lego.com/biassets/biimg/6222328.png,https://www.lego.com/biassets/bi/6222328.pdf,Pickup & Caravan
60182,https://www.lego.com/biassets/biimg/6222332.png,https://www.lego.com/biassets/bi/6222332.pdf,Pickup & Caravan
60182,https://www.lego.com/biassets/biimg/6222326.png,https://www.lego.com/biassets/bi/6222326.pdf,Pickup & Caravan
60182,https://www.lego.com/biassets/biimg/6222331.png,https://www.lego.com/biassets/bi/6222331.pdf,Pickup & Caravan
60183,https://www.lego.com/biassets/biimg/6222300.png,https://www.lego.com/biassets/bi/6222300.pdf,Heavy Cargo Transport
60183,https://www.lego.com/biassets/biimg/6225757.png,https://www.lego.com/biassets/bi/6225757.pdf,Heavy Cargo Transport
60183,https://www.lego.com/biassets/biimg/6222303.png,https://www.lego.com/biassets/bi/6222303.pdf,Heavy Cargo Transport
60183,https://www.lego.com/biassets/biimg/6225761.png,https://www.lego.com/biassets/bi/6225761.pdf,Heavy Cargo Transport
60183,https://www.lego.com/biassets/biimg/6222300.png,https://www.lego.com/biassets/bi/6222300.pdf,Heavy Cargo Transport
60183,https://www.lego.com/biassets/biimg/6225757.png,https://www.lego.com/biassets/bi/6225757.pdf,Heavy Cargo Transport
60183,https://www.lego.com/biassets/biimg/6222303.png,https://www.lego.com/biassets/bi/6222303.pdf,Heavy Cargo Transport
60183,https://www.lego.com/biassets/biimg/6225761.png,https://www.lego.com/biassets/bi/6225761.pdf,Heavy Cargo Transport
70901,https://www.lego.com/biassets/biimg/6187033.png,https://www.lego.com/biassets/bi/6187033.pdf,Mr. Freeze-TM Ice Attack
70901,https://www.lego.com/biassets/biimg/6187034.png,https://www.lego.com/biassets/bi/6187034.pdf,Mr. Freeze-TM Ice Attack
70901,https://www.lego.com/biassets/biimg/6187033.png,https://www.lego.com/biassets/bi/6187033.pdf,Mr. Freeze-TM Ice Attack
70901,https://www.lego.com/biassets/biimg/6187034.png,https://www.lego.com/biassets/bi/6187034.pdf,Mr. Freeze-TM Ice Attack
76098,https://www.lego.com/biassets/biimg/6231808.png,https://www.lego.com/biassets/bi/6231808.pdf,Speed Force Freeze Pursuit
76098,https://www.lego.com/biassets/biimg/6231810.png,https://www.lego.com/biassets/bi/6231810.pdf,Speed Force Freeze Pursuit
76098,https://www.lego.com/biassets/biimg/6231808.png,https://www.lego.com/biassets/bi/6231808.pdf,Speed Force Freeze Pursuit
76098,https://www.lego.com/biassets/biimg/6231810.png,https://www.lego.com/biassets/bi/6231810.pdf,Speed Force Freeze Pursuit